{"loss": 1.236504257373188, "acc": 0.5247252747252747, "_timestamp": 1652952461, "_runtime": 1418, "_step": 9, "_wandb": {"runtime": 1419}}